Workbook
Name Slicer_Admission_Type: #N/A
Name Slicer_Department: #N/A
Name Slicer_Gender: #N/A

Sheet pivot_month
A3: Row Labels | B3: Count of Patient_ID
A4: Jan | B4: 30
A5: Feb | B5: 28
A6: Mar | B6: 31
A7: Apr | B7: 11
A8: Grand Total | B8: 100

Sheet Pivot_Admission
A3: Row Labels | B3: Count of Patient_ID
A4: Emergency | B4: 32
A5: OPD | B5: 44
A6: Planned | B6: 24
A7: Grand Total | B7: 100

Sheet Dashboard
A1: Healthcare KPI dashboard
A4: Total Patients | B4: Bed Occupancy % | C4: Average Length of Stay | D4: Average Wait Time | E4: Outpatient %
A5: ='KPI DASHBOARD'!B1 -> 100 | B5: ='KPI DASHBOARD'!B2 -> 0.55445545 | C5: ='KPI DASHBOARD'!B3 -> 2 | D5: ='KPI DASHBOARD'!B4 -> 30.15 | E5: ='KPI DASHBOARD'!B5 -> 0.43564356

Sheet Sheet1
A1: Patient_ID | B1: Admission_Date | C1: Discharge_Date | D1: Department | E1: Admission_Type | F1: Bed_Occupied | G1: Wait_Time_Minutes | H1: Outpatient | I1: Age | J1: Gender | K1: Doctor | L1: Bill_Amount | M1: Length_of_Stay | N1: Month
A2: 1001 | B2: 45659 | C2: 45662 | D2: Cardiology | E2: Emergency | F2: Yes | G2: 45 | H2: No | I2: 56 | J2: M | K2: Dr Sharma | L2: 25000 | M2: =#REF!-#REF! -> 3 | N2: =TEXT(#REF!,"MMM") -> Jan
A3: 1002 | B3: 45660 | C3: 45661 | D3: Orthopedics | E3: Planned | F3: Yes | G3: 20 | H3: No | I3: 42 | J3: F | K3: Dr Mehta | L3: 18000 | M3: =#REF!-#REF! -> 1 | N3: =TEXT(#REF!,"MMM") -> Jan
A4: 1003 | B4: 45660 | C4: 45660 | D4: General Medicine | E4: OPD | F4: No | G4: 15 | H4: Yes | I4: 29 | J4: M | K4: Dr Khan | L4: 3000 | M4: =#REF!-#REF! -> 0 | N4: =TEXT(#REF!,"MMM") -> Jan
A5: 1004 | B5: 45661 | C5: 45665 | D5: Neurology | E5: Emergency | F5: Yes | G5: 60 | H5: No | I5: 67 | J5: F | K5: Dr Verma | L5: 40000 | M5: =#REF!-#REF! -> 4 | N5: =TEXT(#REF!,"MMM") -> Jan
A6: 1005 | B6: 45662 | C6: 45663 | D6: Pediatrics | E6: OPD | F6: No | G6: 10 | H6: Yes | I6: 8 | J6: F | K6: Dr Rao | L6: 2500 | M6: =#REF!-#REF! -> 1 | N6: =TEXT(#REF!,"MMM") -> Jan
A7: 1006 | B7: 45663 | C7: 45667 | D7: Cardiology | E7: Emergency | F7: Yes | G7: 55 | H7: No | I7: 61 | J7: M | K7: Dr Sharma | L7: 35000 | M7: =#REF!-#REF! -> 4 | N7: =TEXT(#REF!,"MMM") -> Jan
A8: 1007 | B8: 45664 | C8: 45664 | D8: Dermatology | E8: OPD | F8: No | G8: 12 | H8: Yes | I8: 34 | J8: F | K8: Dr Singh | L8: 2200 | M8: =#REF!-#REF! -> 0 | N8: =TEXT(#REF!,"MMM") -> Jan
A9: 1008 | B9: 45665 | C9: 45669 | D9: Orthopedics | E9: Planned | F9: Yes | G9: 25 | H9: No | I9: 49 | J9: M | K9: Dr Mehta | L9: 28000 | M9: =#REF!-#REF! -> 4 | N9: =TEXT(#REF!,"MMM") -> Jan
A10: 1009 | B10: 45666 | C10: 45666 | D10: ENT | E10: OPD | F10: No | G10: 18 | H10: Yes | I10: 23 | J10: F | K10: Dr Bansal | L10: 1800 | M10: =#REF!-#REF! -> 0 | N10: =TEXT(#REF!,"MMM") -> Jan
A11: 1010 | B11: 45667 | C11: 45672 | D11: Neurology | E11: Emergency | F11: Yes | G11: 70 | H11: No | I11: 73 | J11: M | K11: Dr Verma | L11: 52000 | M11: =#REF!-#REF! -> 5 | N11: =TEXT(#REF!,"MMM") -> Jan
A12: 1011 | B12: 45668 | C12: 45670 | D12: Pediatrics | E12: Emergency | F12: Yes | G12: 30 | H12: No | I12: 5 | J12: M | K12: Dr Rao | L12: 12000 | M12: =#REF!-#REF! -> 2 | N12: =TEXT(#REF!,"MMM") -> Jan
A13: 1012 | B13: 45669 | C13: 45669 | D13: Gynecology | E13: OPD | F13: No | G13: 22 | H13: Yes | I13: 31 | J13: F | K13: Dr Kapoor | L13: 4500 | M13: =#REF!-#REF! -> 0 | N13: =TEXT(#REF!,"MMM") -> Jan
... A101: 1100 | B101: 45758 | C101: 45758 | D101: Pediatrics | E101: OPD | F101: No | G101: 11 | H101: Yes | I101: 10 | J101: M | K101: Dr Rao | L101: 2700 | M101: =#REF!-#REF! -> 0 | N101: =TEXT(#REF!,"MMM") -> Apr

Sheet KPI DASHBOARD
A1: Total Patients | B1: =COUNT(Sheet1!A2:A101) -> 100
A2: Bed Occupancy % | B2: =COUNTIF(Sheet1!F:F,"Yes")/COUNTA(Sheet1!F:F) -> 0.55445545
A3: Average Length of Stay | B3: =AVERAGE(Sheet1!M:M) -> 2
A4: Average Wait Time | B4: =AVERAGE(Sheet1!G:G) -> 30.15
A5: Outpatient % | B5: =COUNTIF(Sheet1!H:H,"Yes")/COUNTA(Sheet1!H:H) -> 0.43564356

Sheet PIVOT
A3: Row Labels | B3: Count of Patient_ID
A4: Cardiology | B4: 13
A5: Dermatology | B5: 12
A6: ENT | B6: 12
A7: General Medicine | B7: 12
A8: Gynecology | B8: 12
A9: Neurology | B9: 13
A10: Orthopedics | B10: 13
A11: Pediatrics | B11: 13
A12: Grand Total | B12: 100
